2025-07-27 22:13:15,warning,1,Warning
2025-07-27 22:13:16,warning,2,Warning
2025-07-27 22:13:16,warning,3,Warning
2025-07-27 22:13:16,alert,3,Drowsiness Detected
2025-07-27 22:13:16,alert,3,Drowsiness Detected
2025-07-27 22:13:16,alert,3,Drowsiness Detected
2025-07-27 22:13:16,alert,3,Drowsiness Detected
2025-07-27 22:13:16,alert,3,Drowsiness Detected
2025-07-27 22:13:16,alert,3,Drowsiness Detected
2025-07-27 22:13:16,alert,3,Drowsiness Detected
2025-07-27 22:13:16,alert,3,Drowsiness Detected
2025-07-27 22:13:16,alert,3,Drowsiness Detected
2025-07-27 22:13:17,alert,3,Drowsiness Detected
2025-07-27 22:13:17,alert,3,Drowsiness Detected
2025-07-27 22:13:17,alert,3,Drowsiness Detected
2025-07-27 22:13:17,alert,3,Drowsiness Detected
2025-07-27 22:13:17,alert,3,Drowsiness Detected
2025-07-27 22:13:17,alert,3,Drowsiness Detected
2025-07-27 22:13:17,alert,3,Drowsiness Detected
2025-07-27 22:13:17,alert,3,Drowsiness Detected
2025-07-27 22:13:17,alert,3,Drowsiness Detected
2025-07-27 22:13:17,alert,3,Drowsiness Detected
2025-07-27 22:13:18,alert,3,Drowsiness Detected
2025-07-27 22:13:18,alert,3,Drowsiness Detected
2025-07-27 22:13:18,alert,3,Drowsiness Detected
2025-07-27 22:13:18,alert,3,Drowsiness Detected
2025-07-27 22:13:18,alert,3,Drowsiness Detected
2025-07-27 22:13:18,alert,3,Drowsiness Detected
2025-07-27 22:13:18,alert,3,Drowsiness Detected
2025-07-27 22:13:18,alert,3,Drowsiness Detected
2025-07-27 22:13:18,alert,3,Drowsiness Detected
2025-07-27 22:13:18,alert,3,Drowsiness Detected
2025-07-27 22:13:19,alert,3,Drowsiness Detected
2025-07-27 22:13:19,alert,3,Drowsiness Detected
2025-07-27 22:13:19,alert,3,Drowsiness Detected
2025-07-27 22:13:19,alert,3,Drowsiness Detected
2025-07-27 22:13:19,alert,3,Drowsiness Detected
2025-07-27 22:13:19,alert,3,Drowsiness Detected
2025-07-27 22:13:19,alert,3,Drowsiness Detected
2025-07-27 22:13:20,alert,3,Drowsiness Detected
2025-07-27 22:13:20,alert,3,Drowsiness Detected
2025-07-27 22:13:20,alert,3,Drowsiness Detected
2025-07-27 22:13:20,alert,3,Drowsiness Detected
2025-07-27 22:13:20,alert,3,Drowsiness Detected
2025-07-27 22:13:20,alert,3,Drowsiness Detected
2025-07-27 22:13:20,alert,3,Drowsiness Detected
2025-07-27 22:13:20,alert,3,Drowsiness Detected
2025-07-27 22:13:21,alert,3,Drowsiness Detected
2025-07-27 22:13:21,alert,3,Drowsiness Detected
2025-07-27 22:13:21,alert,3,Drowsiness Detected
2025-07-27 22:13:21,alert,3,Drowsiness Detected
2025-07-27 22:13:21,alert,3,Drowsiness Detected
2025-07-27 22:13:21,alert,3,Drowsiness Detected
2025-07-27 22:13:21,alert,3,Drowsiness Detected
2025-07-27 22:13:22,alert,3,Drowsiness Detected
2025-07-27 22:13:22,alert,3,Drowsiness Detected
2025-07-27 22:13:22,alert,3,Drowsiness Detected
2025-07-27 22:13:22,alert,3,Drowsiness Detected
2025-07-27 22:13:22,alert,3,Drowsiness Detected
2025-07-27 22:13:22,alert,3,Drowsiness Detected
2025-07-27 22:13:22,alert,3,Drowsiness Detected
2025-07-27 22:13:23,alert,3,Drowsiness Detected
2025-07-27 22:13:23,alert,3,Drowsiness Detected
2025-07-27 22:13:23,alert,3,Drowsiness Detected
2025-07-27 22:13:23,alert,3,Drowsiness Detected
2025-07-27 22:13:23,alert,3,Drowsiness Detected
2025-07-27 22:13:23,alert,3,Drowsiness Detected
2025-07-27 22:13:23,alert,3,Drowsiness Detected
2025-07-27 22:13:24,alert,3,Drowsiness Detected
2025-07-27 22:13:24,alert,3,Drowsiness Detected
2025-07-27 22:13:24,alert,3,Drowsiness Detected
2025-07-27 22:13:24,alert,3,Drowsiness Detected
2025-07-27 22:13:24,alert,3,Drowsiness Detected
2025-07-27 22:13:24,alert,3,Drowsiness Detected
2025-07-27 22:13:24,alert,3,Drowsiness Detected
2025-07-27 22:13:25,alert,3,Drowsiness Detected
2025-07-27 22:13:25,alert,3,Drowsiness Detected
2025-07-27 22:13:25,alert,3,Drowsiness Detected
2025-07-27 22:13:25,alert,3,Drowsiness Detected
2025-07-27 22:13:25,alert,3,Drowsiness Detected
2025-07-27 22:13:25,alert,3,Drowsiness Detected
2025-07-27 22:13:25,alert,3,Drowsiness Detected
2025-07-27 22:13:25,alert,3,Drowsiness Detected
2025-07-27 22:13:26,alert,3,Drowsiness Detected
2025-07-27 22:13:26,alert,3,Drowsiness Detected
2025-07-27 22:13:26,alert,3,Drowsiness Detected
2025-07-27 22:13:26,alert,3,Drowsiness Detected
2025-07-27 22:13:26,alert,3,Drowsiness Detected
2025-07-27 22:13:26,alert,3,Drowsiness Detected
2025-07-27 22:13:26,alert,3,Drowsiness Detected
2025-07-27 22:13:27,alert,3,Drowsiness Detected
2025-07-27 22:13:27,alert,3,Drowsiness Detected
2025-07-27 22:13:27,alert,3,Drowsiness Detected
2025-07-27 22:13:27,alert,3,Drowsiness Detected
2025-07-27 22:13:27,alert,3,Drowsiness Detected
2025-07-27 22:13:27,alert,3,Drowsiness Detected
2025-07-27 22:13:27,alert,3,Drowsiness Detected
2025-07-27 22:13:27,alert,3,Drowsiness Detected
2025-07-27 22:13:28,alert,3,Drowsiness Detected
2025-07-27 22:13:28,alert,3,Drowsiness Detected
2025-07-27 22:13:28,alert,3,Drowsiness Detected
2025-07-27 22:13:28,alert,3,Drowsiness Detected
2025-07-27 22:13:28,alert,3,Drowsiness Detected
2025-07-27 22:13:28,alert,3,Drowsiness Detected
2025-07-27 22:13:29,alert,3,Drowsiness Detected
2025-07-27 22:13:29,alert,3,Drowsiness Detected
2025-07-27 22:13:29,alert,3,Drowsiness Detected
2025-07-27 22:13:29,alert,3,Drowsiness Detected
2025-07-27 22:13:29,alert,3,Drowsiness Detected
2025-07-27 22:13:29,alert,3,Drowsiness Detected
2025-07-27 22:13:30,alert,3,Drowsiness Detected
2025-07-27 22:13:30,alert,3,Drowsiness Detected
2025-07-27 22:13:30,alert,3,Drowsiness Detected
2025-07-27 22:13:30,alert,3,Drowsiness Detected
2025-07-27 22:13:30,alert,3,Drowsiness Detected
2025-07-27 22:13:30,alert,3,Drowsiness Detected
2025-07-27 22:13:30,alert,3,Drowsiness Detected
2025-07-27 22:13:31,alert,3,Drowsiness Detected
2025-07-27 22:13:31,alert,3,Drowsiness Detected
2025-07-27 22:13:31,alert,3,Drowsiness Detected
2025-07-27 22:13:31,alert,3,Drowsiness Detected
2025-07-27 22:13:31,alert,3,Drowsiness Detected
2025-07-27 22:13:31,alert,3,Drowsiness Detected
2025-07-27 22:13:31,alert,3,Drowsiness Detected
2025-07-27 22:13:31,alert,3,Drowsiness Detected
2025-07-27 22:13:31,alert,3,Drowsiness Detected
2025-07-27 22:13:32,alert,3,Drowsiness Detected
2025-07-27 22:13:32,alert,3,Drowsiness Detected
2025-07-27 22:13:32,alert,3,Drowsiness Detected
2025-07-27 22:13:32,alert,3,Drowsiness Detected
2025-07-27 22:13:32,alert,3,Drowsiness Detected
2025-07-27 22:13:32,alert,3,Drowsiness Detected
2025-07-27 22:13:32,alert,3,Drowsiness Detected
2025-07-27 22:13:33,alert,3,Drowsiness Detected
2025-07-27 22:13:46,warning,1,Warning
2025-07-27 22:13:46,warning,2,Warning
2025-07-27 22:13:47,warning,3,Warning
2025-07-27 22:13:47,alert,3,Drowsiness Detected
2025-07-27 22:13:47,alert,3,Drowsiness Detected
2025-07-27 22:13:47,alert,3,Drowsiness Detected
2025-07-27 22:13:47,alert,3,Drowsiness Detected
2025-07-27 22:13:47,alert,3,Drowsiness Detected
2025-07-27 22:13:47,alert,3,Drowsiness Detected
2025-07-27 22:13:48,alert,3,Drowsiness Detected
2025-07-27 22:13:48,alert,3,Drowsiness Detected
2025-07-27 22:13:48,alert,3,Drowsiness Detected
2025-07-27 22:13:48,alert,3,Drowsiness Detected
2025-07-27 22:13:48,alert,3,Drowsiness Detected
2025-07-27 22:13:48,alert,3,Drowsiness Detected
2025-07-27 22:13:48,alert,3,Drowsiness Detected
2025-07-27 22:13:49,alert,3,Drowsiness Detected
2025-07-27 22:13:49,alert,3,Drowsiness Detected
2025-07-27 22:13:49,alert,3,Drowsiness Detected
2025-07-27 22:13:49,alert,3,Drowsiness Detected
2025-07-27 22:13:49,alert,3,Drowsiness Detected
2025-07-27 22:13:49,alert,3,Drowsiness Detected
2025-07-27 22:13:49,alert,3,Drowsiness Detected
2025-07-27 22:13:50,alert,3,Drowsiness Detected
2025-07-27 22:13:50,alert,3,Drowsiness Detected
2025-07-27 22:13:50,alert,3,Drowsiness Detected
2025-07-27 22:13:50,alert,3,Drowsiness Detected
2025-07-27 22:13:50,alert,3,Drowsiness Detected
2025-07-27 22:13:50,alert,3,Drowsiness Detected
2025-07-27 22:13:51,alert,3,Drowsiness Detected
2025-07-27 22:13:51,alert,3,Drowsiness Detected
2025-07-27 22:13:51,alert,3,Drowsiness Detected
2025-07-27 22:13:51,alert,3,Drowsiness Detected
2025-07-27 22:13:51,alert,3,Drowsiness Detected
2025-07-27 22:13:51,alert,3,Drowsiness Detected
2025-07-27 22:13:51,alert,3,Drowsiness Detected
2025-07-27 22:13:51,alert,3,Drowsiness Detected
2025-07-27 22:13:52,alert,3,Drowsiness Detected
2025-07-27 22:13:52,alert,3,Drowsiness Detected
2025-07-27 22:13:52,alert,3,Drowsiness Detected
2025-07-27 22:13:52,alert,3,Drowsiness Detected
2025-07-27 22:13:52,alert,3,Drowsiness Detected
2025-07-27 22:13:53,alert,3,Drowsiness Detected
2025-07-27 22:13:53,alert,3,Drowsiness Detected
2025-07-27 22:13:53,alert,3,Drowsiness Detected
2025-07-27 22:13:53,alert,3,Drowsiness Detected
2025-07-27 22:13:53,alert,3,Drowsiness Detected
2025-07-27 22:13:53,alert,3,Drowsiness Detected
2025-07-27 22:13:53,alert,3,Drowsiness Detected
2025-07-27 22:13:54,alert,3,Drowsiness Detected
2025-07-27 22:13:54,alert,3,Drowsiness Detected
2025-07-27 22:13:54,alert,3,Drowsiness Detected
2025-07-27 22:13:54,alert,3,Drowsiness Detected
2025-07-27 22:13:54,alert,3,Drowsiness Detected
2025-07-27 22:13:55,alert,3,Drowsiness Detected
2025-07-27 22:13:55,alert,3,Drowsiness Detected
2025-07-27 22:13:55,alert,3,Drowsiness Detected
2025-07-27 22:13:55,alert,3,Drowsiness Detected
2025-07-27 22:13:55,alert,3,Drowsiness Detected
2025-07-27 22:13:55,alert,3,Drowsiness Detected
2025-07-27 22:13:56,alert,3,Drowsiness Detected
2025-07-27 22:13:56,alert,3,Drowsiness Detected
2025-07-27 22:13:56,alert,3,Drowsiness Detected
2025-07-27 22:13:56,alert,3,Drowsiness Detected
2025-07-27 22:13:56,alert,3,Drowsiness Detected
2025-07-27 22:13:56,alert,3,Drowsiness Detected
2025-07-27 22:13:57,alert,3,Drowsiness Detected
2025-07-27 22:13:57,alert,3,Drowsiness Detected
2025-07-27 22:13:57,alert,3,Drowsiness Detected
2025-07-27 22:13:57,alert,3,Drowsiness Detected
2025-07-27 22:13:57,alert,3,Drowsiness Detected
2025-07-27 22:13:57,alert,3,Drowsiness Detected
2025-07-27 22:13:57,alert,3,Drowsiness Detected
2025-07-27 22:13:58,alert,3,Drowsiness Detected
2025-07-27 22:13:58,alert,3,Drowsiness Detected
2025-07-27 22:13:58,alert,3,Drowsiness Detected
2025-07-27 22:13:58,alert,3,Drowsiness Detected
2025-07-27 22:13:58,alert,3,Drowsiness Detected
2025-07-27 22:13:58,alert,3,Drowsiness Detected
2025-07-27 22:13:59,alert,3,Drowsiness Detected
2025-07-27 22:13:59,alert,3,Drowsiness Detected
2025-07-27 22:13:59,alert,3,Drowsiness Detected
2025-07-27 22:13:59,alert,3,Drowsiness Detected
2025-07-27 22:13:59,alert,3,Drowsiness Detected
2025-07-27 22:14:00,alert,3,Drowsiness Detected
2025-07-27 22:14:00,alert,3,Drowsiness Detected
2025-07-27 22:14:03,warning,1,Warning
2025-07-27 22:14:03,warning,2,Warning
2025-07-27 22:14:03,warning,3,Warning
2025-07-27 22:14:04,alert,3,Drowsiness Detected
2025-07-27 22:14:08,warning,1,Warning
2025-07-27 22:14:08,warning,2,Warning
2025-07-27 22:14:08,warning,3,Warning
2025-07-27 22:14:08,alert,3,Drowsiness Detected
2025-07-27 22:14:08,alert,3,Drowsiness Detected
2025-07-27 22:14:08,alert,3,Drowsiness Detected
2025-07-27 22:14:09,alert,3,Drowsiness Detected
2025-07-27 22:14:09,alert,3,Drowsiness Detected
2025-07-27 22:14:09,alert,3,Drowsiness Detected
2025-07-27 22:14:09,alert,3,Drowsiness Detected
2025-07-27 22:14:09,alert,3,Drowsiness Detected
2025-07-27 22:14:09,alert,3,Drowsiness Detected
2025-07-27 22:14:09,alert,3,Drowsiness Detected
2025-07-27 22:14:10,alert,3,Drowsiness Detected
2025-07-27 22:14:10,alert,3,Drowsiness Detected
2025-07-27 22:14:10,alert,3,Drowsiness Detected
2025-07-27 22:14:10,alert,3,Drowsiness Detected
2025-07-27 22:14:10,alert,3,Drowsiness Detected
2025-07-27 22:14:10,alert,3,Drowsiness Detected
2025-07-27 22:14:11,alert,3,Drowsiness Detected
2025-07-27 22:14:11,alert,3,Drowsiness Detected
2025-07-27 22:14:11,alert,3,Drowsiness Detected
2025-07-27 22:14:11,alert,3,Drowsiness Detected
2025-07-27 22:14:11,alert,3,Drowsiness Detected
2025-07-27 22:14:11,alert,3,Drowsiness Detected
2025-07-27 22:14:11,alert,3,Drowsiness Detected
2025-07-27 22:14:12,alert,3,Drowsiness Detected
2025-07-27 22:14:12,alert,3,Drowsiness Detected
2025-07-27 22:14:12,alert,3,Drowsiness Detected
2025-07-27 22:14:12,alert,3,Drowsiness Detected
2025-07-27 22:14:12,alert,3,Drowsiness Detected
2025-07-27 22:14:12,alert,3,Drowsiness Detected
2025-07-27 22:14:13,alert,3,Drowsiness Detected
2025-07-27 22:14:13,alert,3,Drowsiness Detected
2025-07-27 22:14:13,alert,3,Drowsiness Detected
2025-07-27 22:14:13,alert,3,Drowsiness Detected
2025-07-27 22:14:13,alert,3,Drowsiness Detected
2025-07-27 22:14:13,alert,3,Drowsiness Detected
2025-07-27 22:14:14,alert,3,Drowsiness Detected
2025-07-27 22:14:14,alert,3,Drowsiness Detected
2025-07-27 22:14:14,alert,3,Drowsiness Detected
2025-07-27 22:14:14,alert,3,Drowsiness Detected
2025-07-27 22:14:14,alert,3,Drowsiness Detected
2025-07-27 22:14:14,alert,3,Drowsiness Detected
2025-07-27 22:14:14,alert,3,Drowsiness Detected
2025-07-27 22:14:15,alert,3,Drowsiness Detected
2025-07-27 22:14:15,alert,3,Drowsiness Detected
2025-07-27 22:14:15,alert,3,Drowsiness Detected
2025-07-27 22:14:15,alert,3,Drowsiness Detected
2025-07-27 22:14:15,alert,3,Drowsiness Detected
2025-07-27 22:14:15,alert,3,Drowsiness Detected
2025-07-27 22:14:15,alert,3,Drowsiness Detected
2025-07-27 22:14:16,alert,3,Drowsiness Detected
2025-07-27 22:14:16,alert,3,Drowsiness Detected
2025-07-27 22:14:16,alert,3,Drowsiness Detected
2025-07-27 22:14:16,alert,3,Drowsiness Detected
2025-07-27 22:14:16,alert,3,Drowsiness Detected
2025-07-27 22:14:16,alert,3,Drowsiness Detected
2025-07-27 22:14:16,alert,3,Drowsiness Detected
2025-07-27 22:14:17,alert,3,Drowsiness Detected
2025-07-27 22:14:17,alert,3,Drowsiness Detected
2025-07-27 22:14:17,alert,3,Drowsiness Detected
2025-07-27 22:14:17,alert,3,Drowsiness Detected
2025-07-27 22:14:17,alert,3,Drowsiness Detected
2025-07-27 22:14:17,alert,3,Drowsiness Detected
2025-07-27 22:14:17,alert,3,Drowsiness Detected
2025-07-27 22:14:18,alert,3,Drowsiness Detected
2025-07-27 22:14:18,alert,3,Drowsiness Detected
2025-07-27 22:14:18,alert,3,Drowsiness Detected
2025-07-27 22:14:18,alert,3,Drowsiness Detected
2025-07-27 22:14:18,alert,3,Drowsiness Detected
2025-07-27 22:14:18,alert,3,Drowsiness Detected
2025-07-27 22:14:18,alert,3,Drowsiness Detected
2025-07-27 22:14:19,alert,3,Drowsiness Detected
2025-07-27 22:14:19,alert,3,Drowsiness Detected
2025-07-27 22:14:19,alert,3,Drowsiness Detected
2025-07-27 22:14:19,alert,3,Drowsiness Detected
2025-07-27 22:14:19,alert,3,Drowsiness Detected
2025-07-27 22:14:19,alert,3,Drowsiness Detected
2025-07-27 22:14:20,alert,3,Drowsiness Detected
2025-07-27 22:14:20,alert,3,Drowsiness Detected
2025-07-27 22:14:20,alert,3,Drowsiness Detected
2025-07-27 22:14:20,alert,3,Drowsiness Detected
2025-07-27 22:14:20,alert,3,Drowsiness Detected
2025-07-27 22:14:20,alert,3,Drowsiness Detected
2025-07-27 22:14:21,alert,3,Drowsiness Detected
2025-07-27 22:14:21,alert,3,Drowsiness Detected
2025-07-27 22:14:21,alert,3,Drowsiness Detected
2025-07-27 22:14:21,alert,3,Drowsiness Detected
2025-07-27 22:14:21,alert,3,Drowsiness Detected
2025-07-27 22:14:22,alert,3,Drowsiness Detected
2025-07-27 22:14:22,alert,3,Drowsiness Detected
2025-07-27 22:14:22,alert,3,Drowsiness Detected
2025-07-27 22:14:22,alert,3,Drowsiness Detected
2025-07-27 22:14:22,alert,3,Drowsiness Detected
2025-07-27 22:14:22,alert,3,Drowsiness Detected
2025-07-27 22:14:23,alert,3,Drowsiness Detected
2025-07-27 22:14:23,alert,3,Drowsiness Detected
2025-07-27 22:14:23,alert,3,Drowsiness Detected
2025-07-27 22:14:23,alert,3,Drowsiness Detected
2025-07-27 22:14:23,alert,3,Drowsiness Detected
2025-07-27 22:14:24,alert,3,Drowsiness Detected
2025-07-27 22:14:24,alert,3,Drowsiness Detected
2025-07-27 22:14:24,alert,3,Drowsiness Detected
2025-07-27 22:14:24,alert,3,Drowsiness Detected
2025-07-27 22:14:24,alert,3,Drowsiness Detected
2025-07-27 22:14:24,alert,3,Drowsiness Detected
2025-07-27 22:14:25,alert,3,Drowsiness Detected
2025-07-27 22:14:25,alert,3,Drowsiness Detected
2025-07-27 22:14:25,alert,3,Drowsiness Detected
2025-07-27 22:14:28,warning,1,Warning
2025-07-27 22:14:28,warning,2,Warning
2025-07-27 22:14:28,warning,3,Warning
2025-07-27 22:14:28,alert,3,Drowsiness Detected
2025-07-27 22:14:28,alert,3,Drowsiness Detected
2025-07-27 22:14:28,alert,3,Drowsiness Detected
2025-07-27 22:14:29,alert,3,Drowsiness Detected
2025-07-27 22:14:29,alert,3,Drowsiness Detected
2025-07-27 22:14:29,alert,3,Drowsiness Detected
2025-07-27 22:14:29,alert,3,Drowsiness Detected
2025-07-27 22:14:29,alert,3,Drowsiness Detected
2025-07-27 22:14:29,alert,3,Drowsiness Detected
2025-07-27 22:14:29,alert,3,Drowsiness Detected
2025-07-27 22:14:29,alert,3,Drowsiness Detected
2025-07-27 22:14:29,alert,3,Drowsiness Detected
2025-07-27 22:14:29,alert,3,Drowsiness Detected
2025-07-27 22:14:30,alert,3,Drowsiness Detected
2025-07-27 22:14:30,alert,3,Drowsiness Detected
2025-07-27 22:14:30,alert,3,Drowsiness Detected
2025-07-27 22:14:30,alert,3,Drowsiness Detected
2025-07-27 22:14:30,alert,3,Drowsiness Detected
2025-07-27 22:14:30,alert,3,Drowsiness Detected
2025-07-27 22:14:30,alert,3,Drowsiness Detected
2025-07-27 22:14:30,alert,3,Drowsiness Detected
2025-07-27 22:14:30,alert,3,Drowsiness Detected
2025-07-27 22:14:30,alert,3,Drowsiness Detected
2025-07-27 22:14:31,alert,3,Drowsiness Detected
2025-07-27 22:14:31,alert,3,Drowsiness Detected
2025-07-27 22:14:31,alert,3,Drowsiness Detected
2025-07-27 22:14:31,alert,3,Drowsiness Detected
2025-07-27 22:14:45,warning,1,Warning
2025-07-27 22:14:45,warning,2,Warning
2025-07-27 22:14:45,warning,3,Warning
2025-07-27 22:14:45,alert,3,Drowsiness Detected
2025-07-27 22:14:46,alert,3,Drowsiness Detected
2025-07-27 22:14:46,alert,3,Drowsiness Detected
2025-07-27 22:14:46,alert,3,Drowsiness Detected
2025-07-27 22:14:46,alert,3,Drowsiness Detected
2025-07-27 22:14:46,alert,3,Drowsiness Detected
2025-07-27 22:14:46,alert,3,Drowsiness Detected
2025-07-27 22:14:46,alert,3,Drowsiness Detected
2025-07-27 22:14:46,alert,3,Drowsiness Detected
2025-07-27 22:14:46,alert,3,Drowsiness Detected
2025-07-27 22:14:46,alert,3,Drowsiness Detected
2025-07-27 22:14:47,alert,3,Drowsiness Detected
2025-07-27 22:14:47,alert,3,Drowsiness Detected
2025-07-27 22:14:47,alert,3,Drowsiness Detected
2025-07-27 22:14:47,alert,3,Drowsiness Detected
2025-07-27 22:14:52,warning,1,Warning
2025-07-27 22:14:53,warning,2,Warning
2025-07-27 22:14:53,warning,3,Warning
2025-07-27 22:14:53,alert,3,Drowsiness Detected
2025-07-27 22:14:53,alert,3,Drowsiness Detected
2025-07-27 22:14:53,alert,3,Drowsiness Detected
2025-07-27 22:14:53,alert,3,Drowsiness Detected
2025-07-27 22:14:53,alert,3,Drowsiness Detected
2025-07-27 22:14:53,alert,3,Drowsiness Detected
2025-07-27 22:14:54,alert,3,Drowsiness Detected
2025-07-27 22:14:54,alert,3,Drowsiness Detected
2025-07-27 22:14:54,alert,3,Drowsiness Detected
2025-07-27 22:14:54,alert,3,Drowsiness Detected
2025-07-27 22:14:54,alert,3,Drowsiness Detected
2025-07-27 22:14:54,alert,3,Drowsiness Detected
2025-07-27 22:14:54,alert,3,Drowsiness Detected
2025-07-27 22:14:54,alert,3,Drowsiness Detected
2025-07-27 22:14:54,alert,3,Drowsiness Detected
2025-07-27 22:14:55,alert,3,Drowsiness Detected
2025-07-27 22:14:55,alert,3,Drowsiness Detected
2025-07-27 22:14:55,alert,3,Drowsiness Detected
2025-07-27 22:14:55,alert,3,Drowsiness Detected
2025-07-27 22:14:55,alert,3,Drowsiness Detected
2025-07-27 22:14:55,alert,3,Drowsiness Detected
2025-07-27 22:14:55,alert,3,Drowsiness Detected
2025-07-27 22:14:55,alert,3,Drowsiness Detected
2025-07-27 22:14:55,alert,3,Drowsiness Detected
2025-07-27 22:14:56,alert,3,Drowsiness Detected
2025-07-27 22:14:56,alert,3,Drowsiness Detected
2025-07-27 22:14:56,alert,3,Drowsiness Detected
2025-07-27 22:14:56,alert,3,Drowsiness Detected
2025-07-27 22:14:56,alert,3,Drowsiness Detected
2025-07-27 22:14:56,alert,3,Drowsiness Detected
2025-07-27 22:14:56,alert,3,Drowsiness Detected
2025-07-27 22:14:56,alert,3,Drowsiness Detected
2025-07-27 22:14:56,alert,3,Drowsiness Detected
2025-07-27 22:14:57,alert,3,Drowsiness Detected
2025-07-27 22:14:57,alert,3,Drowsiness Detected
2025-07-27 22:14:57,alert,3,Drowsiness Detected
2025-07-27 22:14:57,alert,3,Drowsiness Detected
2025-07-27 22:14:57,alert,3,Drowsiness Detected
2025-07-27 22:14:57,alert,3,Drowsiness Detected
2025-07-27 22:14:57,alert,3,Drowsiness Detected
2025-07-27 22:14:57,alert,3,Drowsiness Detected
2025-07-27 22:14:58,alert,3,Drowsiness Detected
2025-07-27 22:14:58,alert,3,Drowsiness Detected
2025-07-27 22:14:58,alert,3,Drowsiness Detected
2025-07-27 22:14:58,alert,3,Drowsiness Detected
2025-07-27 22:14:58,alert,3,Drowsiness Detected
2025-07-27 22:14:58,alert,3,Drowsiness Detected
2025-07-27 22:14:58,alert,3,Drowsiness Detected
2025-07-27 22:14:58,alert,3,Drowsiness Detected
2025-07-27 22:14:59,alert,3,Drowsiness Detected
2025-07-27 22:14:59,alert,3,Drowsiness Detected
2025-07-27 22:14:59,alert,3,Drowsiness Detected
2025-07-27 22:14:59,alert,3,Drowsiness Detected
2025-07-27 22:14:59,alert,3,Drowsiness Detected
2025-07-27 22:14:59,alert,3,Drowsiness Detected
2025-07-27 22:14:59,alert,3,Drowsiness Detected
2025-07-27 22:14:59,alert,3,Drowsiness Detected
2025-07-27 22:15:00,alert,3,Drowsiness Detected
2025-07-27 22:15:00,alert,3,Drowsiness Detected
2025-07-27 22:15:00,alert,3,Drowsiness Detected
2025-07-27 22:15:00,alert,3,Drowsiness Detected
2025-07-27 22:15:00,alert,3,Drowsiness Detected
2025-07-27 22:15:00,alert,3,Drowsiness Detected
2025-07-27 22:15:00,alert,3,Drowsiness Detected
2025-07-27 22:15:00,alert,3,Drowsiness Detected
2025-07-27 22:15:00,alert,3,Drowsiness Detected
2025-07-27 22:15:01,alert,3,Drowsiness Detected
2025-07-27 22:15:01,alert,3,Drowsiness Detected
2025-07-27 22:15:01,alert,3,Drowsiness Detected
2025-07-27 22:15:01,alert,3,Drowsiness Detected
2025-07-27 22:15:01,alert,3,Drowsiness Detected
2025-07-27 22:15:01,alert,3,Drowsiness Detected
2025-07-27 22:15:01,alert,3,Drowsiness Detected
2025-07-27 22:15:01,alert,3,Drowsiness Detected
2025-07-27 22:15:01,alert,3,Drowsiness Detected
2025-07-27 22:15:01,alert,3,Drowsiness Detected
2025-07-27 22:15:02,alert,3,Drowsiness Detected
2025-07-27 22:15:02,alert,3,Drowsiness Detected
2025-07-27 22:15:02,alert,3,Drowsiness Detected
2025-07-27 22:15:02,alert,3,Drowsiness Detected
2025-07-27 22:15:02,alert,3,Drowsiness Detected
2025-07-27 22:15:02,alert,3,Drowsiness Detected
2025-07-27 22:15:02,alert,3,Drowsiness Detected
2025-07-27 22:15:02,alert,3,Drowsiness Detected
2025-07-27 22:15:03,alert,3,Drowsiness Detected
2025-07-27 22:15:03,alert,3,Drowsiness Detected
2025-07-27 22:15:03,alert,3,Drowsiness Detected
2025-07-27 22:15:03,alert,3,Drowsiness Detected
2025-07-27 22:15:03,alert,3,Drowsiness Detected
2025-07-27 22:15:03,alert,3,Drowsiness Detected
2025-07-27 22:15:03,alert,3,Drowsiness Detected
2025-07-27 22:15:03,alert,3,Drowsiness Detected
2025-07-27 22:15:03,alert,3,Drowsiness Detected
2025-07-27 22:15:04,alert,3,Drowsiness Detected
2025-07-27 22:15:04,alert,3,Drowsiness Detected
2025-07-27 22:15:04,alert,3,Drowsiness Detected
2025-07-27 22:15:04,alert,3,Drowsiness Detected
2025-07-27 22:15:04,alert,3,Drowsiness Detected
2025-07-27 22:15:04,alert,3,Drowsiness Detected
2025-07-27 22:15:04,alert,3,Drowsiness Detected
2025-07-27 22:15:04,alert,3,Drowsiness Detected
2025-07-27 22:15:04,alert,3,Drowsiness Detected
2025-07-27 22:15:05,alert,3,Drowsiness Detected
2025-07-27 22:15:05,alert,3,Drowsiness Detected
2025-07-27 22:15:05,alert,3,Drowsiness Detected
2025-07-27 22:15:05,alert,3,Drowsiness Detected
2025-07-27 22:15:05,alert,3,Drowsiness Detected
2025-07-27 22:15:05,alert,3,Drowsiness Detected
2025-07-27 22:15:05,alert,3,Drowsiness Detected
2025-07-27 22:15:05,alert,3,Drowsiness Detected
2025-07-27 22:15:06,alert,3,Drowsiness Detected
2025-07-27 22:15:06,alert,3,Drowsiness Detected
2025-07-27 22:15:06,alert,3,Drowsiness Detected
2025-07-27 22:15:06,alert,3,Drowsiness Detected
2025-07-27 22:15:12,warning,1,Warning
2025-07-27 22:15:12,warning,2,Warning
2025-07-27 22:15:12,warning,3,Warning
2025-07-27 22:15:12,alert,3,Drowsiness Detected
2025-07-27 22:15:12,alert,3,Drowsiness Detected
2025-07-27 22:15:13,alert,3,Drowsiness Detected
2025-07-27 22:15:13,alert,3,Drowsiness Detected
2025-07-27 22:15:13,alert,3,Drowsiness Detected
2025-07-27 22:15:13,alert,3,Drowsiness Detected
2025-07-27 22:15:13,alert,3,Drowsiness Detected
2025-07-27 22:15:13,alert,3,Drowsiness Detected
2025-07-27 22:15:14,alert,3,Drowsiness Detected
2025-07-27 22:15:14,alert,3,Drowsiness Detected
2025-07-27 22:15:14,alert,3,Drowsiness Detected
2025-07-27 22:15:14,alert,3,Drowsiness Detected
2025-07-27 22:15:14,alert,3,Drowsiness Detected
2025-07-27 22:15:14,alert,3,Drowsiness Detected
2025-07-27 22:15:15,alert,3,Drowsiness Detected
2025-07-27 22:15:15,alert,3,Drowsiness Detected
2025-07-27 22:15:15,alert,3,Drowsiness Detected
2025-07-27 22:15:15,alert,3,Drowsiness Detected
2025-07-27 22:15:15,alert,3,Drowsiness Detected
2025-07-27 22:15:15,alert,3,Drowsiness Detected
2025-07-27 22:15:16,alert,3,Drowsiness Detected
2025-07-27 22:15:16,alert,3,Drowsiness Detected
2025-07-27 22:15:16,alert,3,Drowsiness Detected
2025-07-27 22:15:16,alert,3,Drowsiness Detected
2025-07-27 22:15:16,alert,3,Drowsiness Detected
2025-07-27 22:15:17,alert,3,Drowsiness Detected
2025-07-27 22:15:17,alert,3,Drowsiness Detected
2025-07-27 22:15:17,alert,3,Drowsiness Detected
2025-07-27 22:15:17,alert,3,Drowsiness Detected
2025-07-27 22:15:17,alert,3,Drowsiness Detected
2025-07-27 22:15:17,alert,3,Drowsiness Detected
2025-07-27 22:15:18,alert,3,Drowsiness Detected
2025-07-27 22:15:18,alert,3,Drowsiness Detected
2025-07-27 22:15:18,alert,3,Drowsiness Detected
2025-07-27 22:15:18,alert,3,Drowsiness Detected
2025-07-27 22:15:18,alert,3,Drowsiness Detected
2025-07-27 22:15:18,alert,3,Drowsiness Detected
2025-07-27 22:15:19,alert,3,Drowsiness Detected
2025-07-27 22:15:19,alert,3,Drowsiness Detected
2025-07-27 22:15:19,alert,3,Drowsiness Detected
2025-07-27 22:15:19,alert,3,Drowsiness Detected
2025-07-27 22:15:19,alert,3,Drowsiness Detected
2025-07-27 22:15:19,alert,3,Drowsiness Detected
2025-07-27 22:15:20,alert,3,Drowsiness Detected
2025-07-27 22:15:20,alert,3,Drowsiness Detected
2025-07-27 22:15:20,alert,3,Drowsiness Detected
2025-07-27 22:15:20,alert,3,Drowsiness Detected
2025-07-27 22:15:20,alert,3,Drowsiness Detected
2025-07-27 22:15:20,alert,3,Drowsiness Detected
2025-07-27 22:15:21,alert,3,Drowsiness Detected
2025-07-27 22:15:21,alert,3,Drowsiness Detected
2025-07-27 22:15:21,alert,3,Drowsiness Detected
2025-07-27 22:15:21,alert,3,Drowsiness Detected
2025-07-27 22:15:21,alert,3,Drowsiness Detected
2025-07-27 22:15:22,alert,3,Drowsiness Detected
2025-07-27 22:15:22,alert,3,Drowsiness Detected
2025-07-27 22:15:22,alert,3,Drowsiness Detected
2025-07-27 22:15:22,alert,3,Drowsiness Detected
2025-07-27 22:15:22,alert,3,Drowsiness Detected
2025-07-27 22:15:22,alert,3,Drowsiness Detected
2025-07-27 22:15:22,alert,3,Drowsiness Detected
2025-07-27 22:15:23,alert,3,Drowsiness Detected
2025-07-27 22:15:23,alert,3,Drowsiness Detected
2025-07-27 22:15:23,alert,3,Drowsiness Detected
2025-07-27 22:15:23,alert,3,Drowsiness Detected
2025-07-27 22:15:23,alert,3,Drowsiness Detected
2025-07-27 22:15:24,alert,3,Drowsiness Detected
2025-07-27 22:15:24,alert,3,Drowsiness Detected
2025-07-27 22:15:24,alert,3,Drowsiness Detected
2025-07-27 22:15:24,alert,3,Drowsiness Detected
2025-07-27 22:15:24,alert,3,Drowsiness Detected
2025-07-27 22:15:24,alert,3,Drowsiness Detected
2025-07-27 22:15:24,alert,3,Drowsiness Detected
2025-07-27 22:15:25,alert,3,Drowsiness Detected
2025-07-27 22:15:25,alert,3,Drowsiness Detected
2025-07-27 22:15:25,alert,3,Drowsiness Detected
2025-07-27 22:15:25,alert,3,Drowsiness Detected
2025-07-27 22:15:25,alert,3,Drowsiness Detected
2025-07-27 22:15:25,alert,3,Drowsiness Detected
2025-07-27 22:15:25,alert,3,Drowsiness Detected
2025-07-27 22:15:26,alert,3,Drowsiness Detected
2025-07-27 22:15:26,alert,3,Drowsiness Detected
2025-07-27 22:15:26,alert,3,Drowsiness Detected
2025-07-27 22:15:26,alert,3,Drowsiness Detected
2025-07-27 22:15:26,alert,3,Drowsiness Detected
2025-07-27 22:15:26,alert,3,Drowsiness Detected
2025-07-27 22:15:26,alert,3,Drowsiness Detected
2025-07-27 22:15:27,alert,3,Drowsiness Detected
2025-07-27 22:15:27,alert,3,Drowsiness Detected
2025-07-27 22:15:27,alert,3,Drowsiness Detected
2025-07-27 22:15:27,alert,3,Drowsiness Detected
2025-07-27 22:15:27,alert,3,Drowsiness Detected
2025-07-27 22:15:28,alert,3,Drowsiness Detected
2025-07-27 22:15:28,alert,3,Drowsiness Detected
2025-07-27 22:15:28,alert,3,Drowsiness Detected
2025-07-27 22:15:28,alert,3,Drowsiness Detected
2025-07-27 22:15:28,alert,3,Drowsiness Detected
2025-07-27 22:15:29,alert,3,Drowsiness Detected
2025-07-27 22:15:29,alert,3,Drowsiness Detected
2025-07-27 22:15:29,alert,3,Drowsiness Detected
2025-07-27 22:15:29,alert,3,Drowsiness Detected
2025-07-27 22:15:29,alert,3,Drowsiness Detected
2025-07-27 22:15:30,alert,3,Drowsiness Detected
2025-07-27 22:15:30,alert,3,Drowsiness Detected
2025-07-27 22:15:30,alert,3,Drowsiness Detected
2025-07-27 22:15:30,alert,3,Drowsiness Detected
2025-07-27 22:15:30,alert,3,Drowsiness Detected
2025-07-27 22:15:30,alert,3,Drowsiness Detected
2025-07-27 22:15:31,alert,3,Drowsiness Detected
2025-07-27 22:15:31,alert,3,Drowsiness Detected
2025-07-27 22:15:31,alert,3,Drowsiness Detected
2025-07-27 22:15:31,alert,3,Drowsiness Detected
2025-07-27 22:15:32,alert,3,Drowsiness Detected
2025-07-27 22:15:32,alert,3,Drowsiness Detected
2025-07-27 22:15:32,alert,3,Drowsiness Detected
2025-07-27 22:15:32,alert,3,Drowsiness Detected
2025-07-27 22:15:32,alert,3,Drowsiness Detected
2025-07-27 22:15:32,alert,3,Drowsiness Detected
2025-07-27 22:15:33,alert,3,Drowsiness Detected
2025-07-27 22:15:33,alert,3,Drowsiness Detected
2025-07-27 22:15:33,alert,3,Drowsiness Detected
2025-07-27 22:15:33,alert,3,Drowsiness Detected
2025-07-27 22:15:33,alert,3,Drowsiness Detected
2025-07-27 22:15:33,alert,3,Drowsiness Detected
2025-07-27 22:15:33,alert,3,Drowsiness Detected
2025-07-27 22:15:33,alert,3,Drowsiness Detected
2025-07-27 22:15:58,warning,1,Warning
2025-07-27 22:15:58,warning,2,Warning
2025-07-27 22:15:58,warning,3,Warning
2025-07-27 22:15:58,alert,3,Drowsiness Detected
2025-07-27 22:15:58,alert,3,Drowsiness Detected
2025-07-27 22:15:59,alert,3,Drowsiness Detected
2025-07-27 22:15:59,alert,3,Drowsiness Detected
2025-07-27 22:15:59,alert,3,Drowsiness Detected
2025-07-27 22:16:17,warning,1,Warning
2025-07-27 22:16:17,warning,2,Warning
2025-07-27 22:16:17,warning,3,Warning
2025-07-27 22:16:18,alert,3,Drowsiness Detected
2025-07-27 22:16:18,alert,3,Drowsiness Detected
2025-07-27 22:16:18,alert,3,Drowsiness Detected
2025-07-27 22:16:18,alert,3,Drowsiness Detected
2025-07-27 22:16:18,alert,3,Drowsiness Detected
2025-07-27 22:16:18,alert,3,Drowsiness Detected
2025-07-27 22:16:19,alert,3,Drowsiness Detected
2025-07-27 22:16:29,warning,1,Warning
2025-07-27 22:16:30,warning,2,Warning
2025-07-27 22:16:30,warning,3,Warning
2025-07-27 22:16:30,alert,3,Drowsiness Detected
2025-07-27 22:16:30,alert,3,Drowsiness Detected
2025-07-27 22:16:30,alert,3,Drowsiness Detected
2025-07-27 22:16:30,alert,3,Drowsiness Detected
2025-07-27 22:16:30,alert,3,Drowsiness Detected
2025-07-27 22:16:30,alert,3,Drowsiness Detected
2025-07-27 22:16:31,alert,3,Drowsiness Detected
2025-07-27 22:16:31,alert,3,Drowsiness Detected
2025-07-27 22:16:31,alert,3,Drowsiness Detected
2025-07-27 22:16:31,alert,3,Drowsiness Detected
2025-07-27 22:16:31,alert,3,Drowsiness Detected
2025-07-27 22:16:31,alert,3,Drowsiness Detected
2025-07-27 22:16:31,alert,3,Drowsiness Detected
2025-07-27 22:16:31,alert,3,Drowsiness Detected
2025-07-27 22:16:31,alert,3,Drowsiness Detected
2025-07-27 22:16:32,alert,3,Drowsiness Detected
2025-07-27 22:16:32,alert,3,Drowsiness Detected
2025-07-27 22:16:32,alert,3,Drowsiness Detected
2025-07-27 22:16:32,alert,3,Drowsiness Detected
2025-07-27 22:16:32,alert,3,Drowsiness Detected
2025-07-27 22:16:32,alert,3,Drowsiness Detected
2025-07-27 22:16:32,alert,3,Drowsiness Detected
2025-07-27 22:16:32,alert,3,Drowsiness Detected
2025-07-27 22:16:33,alert,3,Drowsiness Detected
2025-07-27 22:16:33,alert,3,Drowsiness Detected
2025-07-27 22:16:33,alert,3,Drowsiness Detected
2025-07-27 22:16:33,alert,3,Drowsiness Detected
2025-07-27 22:16:33,alert,3,Drowsiness Detected
2025-07-27 22:16:33,alert,3,Drowsiness Detected
2025-07-27 22:16:33,alert,3,Drowsiness Detected
2025-07-27 22:16:33,alert,3,Drowsiness Detected
2025-07-27 22:16:33,alert,3,Drowsiness Detected
2025-07-27 22:16:34,alert,3,Drowsiness Detected
2025-07-27 22:16:34,alert,3,Drowsiness Detected
2025-07-27 22:16:34,alert,3,Drowsiness Detected
2025-07-27 22:16:34,alert,3,Drowsiness Detected
2025-07-27 22:16:34,alert,3,Drowsiness Detected
2025-07-27 22:16:34,alert,3,Drowsiness Detected
2025-07-27 22:16:34,alert,3,Drowsiness Detected
2025-07-27 22:16:34,alert,3,Drowsiness Detected
2025-07-27 22:16:35,alert,3,Drowsiness Detected
2025-07-27 22:16:35,alert,3,Drowsiness Detected
2025-07-27 22:16:35,alert,3,Drowsiness Detected
2025-07-27 22:16:35,alert,3,Drowsiness Detected
2025-07-27 22:16:35,alert,3,Drowsiness Detected
2025-07-27 22:16:35,alert,3,Drowsiness Detected
2025-07-27 22:16:35,alert,3,Drowsiness Detected
2025-07-27 22:16:35,alert,3,Drowsiness Detected
2025-07-27 22:16:36,alert,3,Drowsiness Detected
2025-07-27 22:16:36,alert,3,Drowsiness Detected
2025-07-27 22:16:36,alert,3,Drowsiness Detected
2025-07-27 22:16:36,alert,3,Drowsiness Detected
2025-07-27 22:16:36,alert,3,Drowsiness Detected
2025-07-27 22:16:36,alert,3,Drowsiness Detected
2025-07-27 22:16:36,alert,3,Drowsiness Detected
2025-07-27 22:16:36,alert,3,Drowsiness Detected
2025-07-27 22:16:37,alert,3,Drowsiness Detected
2025-07-27 22:16:37,alert,3,Drowsiness Detected
2025-07-27 22:16:37,alert,3,Drowsiness Detected
2025-07-27 22:16:37,alert,3,Drowsiness Detected
2025-07-27 22:16:37,alert,3,Drowsiness Detected
2025-07-27 22:16:37,alert,3,Drowsiness Detected
2025-07-27 22:16:37,alert,3,Drowsiness Detected
2025-07-27 22:16:38,alert,3,Drowsiness Detected
2025-07-27 22:16:38,alert,3,Drowsiness Detected
2025-07-27 22:16:38,alert,3,Drowsiness Detected
2025-07-27 22:16:38,alert,3,Drowsiness Detected
2025-07-27 22:16:38,alert,3,Drowsiness Detected
2025-07-27 22:16:38,alert,3,Drowsiness Detected
2025-07-27 22:16:38,alert,3,Drowsiness Detected
2025-07-27 22:16:38,alert,3,Drowsiness Detected
2025-07-27 22:16:42,warning,1,Warning
2025-07-27 22:17:24,warning,1,Warning
2025-07-27 22:17:24,warning,2,Warning
2025-07-27 22:17:24,warning,3,Warning
2025-07-27 22:17:24,alert,3,Drowsiness Detected
2025-07-27 22:17:24,alert,3,Drowsiness Detected
2025-07-27 22:17:25,alert,3,Drowsiness Detected
2025-07-27 22:17:25,alert,3,Drowsiness Detected
2025-07-27 22:17:25,alert,3,Drowsiness Detected
2025-07-27 22:17:25,alert,3,Drowsiness Detected
2025-07-27 22:17:25,alert,3,Drowsiness Detected
2025-07-27 22:17:25,alert,3,Drowsiness Detected
2025-07-27 22:17:25,alert,3,Drowsiness Detected
2025-07-27 22:17:25,alert,3,Drowsiness Detected
2025-07-27 22:17:25,alert,3,Drowsiness Detected
2025-07-27 22:17:46,warning,1,Warning
2025-07-27 22:17:46,warning,2,Warning
2025-07-27 22:17:46,warning,3,Warning
2025-07-27 22:17:47,alert,3,Drowsiness Detected
2025-07-27 22:17:47,alert,3,Drowsiness Detected
2025-07-27 22:17:47,alert,3,Drowsiness Detected
2025-07-27 22:17:47,alert,3,Drowsiness Detected
2025-07-27 22:17:47,alert,3,Drowsiness Detected
2025-07-27 22:17:47,alert,3,Drowsiness Detected
2025-07-27 22:17:47,alert,3,Drowsiness Detected
2025-07-27 22:17:47,alert,3,Drowsiness Detected
2025-07-27 22:17:47,alert,3,Drowsiness Detected
2025-07-27 22:17:48,alert,3,Drowsiness Detected
2025-07-27 22:17:48,alert,3,Drowsiness Detected
2025-07-27 22:17:48,alert,3,Drowsiness Detected
2025-07-27 22:17:48,alert,3,Drowsiness Detected
2025-07-27 22:17:48,alert,3,Drowsiness Detected
2025-07-27 22:17:48,alert,3,Drowsiness Detected
2025-07-27 22:17:48,alert,3,Drowsiness Detected
2025-07-27 22:17:48,alert,3,Drowsiness Detected
2025-07-27 22:17:49,alert,3,Drowsiness Detected
2025-07-27 22:17:49,alert,3,Drowsiness Detected
2025-07-27 22:17:49,alert,3,Drowsiness Detected
2025-07-27 22:17:49,alert,3,Drowsiness Detected
2025-07-27 22:17:49,alert,3,Drowsiness Detected
2025-07-27 22:17:49,alert,3,Drowsiness Detected
2025-07-27 22:17:50,alert,3,Drowsiness Detected
2025-07-27 22:17:50,alert,3,Drowsiness Detected
2025-07-27 22:17:50,alert,3,Drowsiness Detected
2025-07-27 22:17:50,alert,3,Drowsiness Detected
2025-07-27 22:17:50,alert,3,Drowsiness Detected
2025-07-27 22:17:50,alert,3,Drowsiness Detected
2025-07-27 22:17:50,alert,3,Drowsiness Detected
2025-07-27 22:17:51,alert,3,Drowsiness Detected
2025-07-27 22:17:51,alert,3,Drowsiness Detected
2025-07-27 22:17:51,alert,3,Drowsiness Detected
2025-07-27 22:17:51,alert,3,Drowsiness Detected
2025-07-27 22:17:51,alert,3,Drowsiness Detected
2025-07-27 22:17:51,alert,3,Drowsiness Detected
2025-07-27 22:17:51,alert,3,Drowsiness Detected
2025-07-27 22:17:51,alert,3,Drowsiness Detected
2025-07-27 22:17:52,alert,3,Drowsiness Detected
2025-07-27 22:17:52,alert,3,Drowsiness Detected
2025-07-27 22:17:52,alert,3,Drowsiness Detected
2025-07-27 22:17:52,alert,3,Drowsiness Detected
2025-07-27 22:17:52,alert,3,Drowsiness Detected
2025-07-27 22:17:52,alert,3,Drowsiness Detected
2025-07-27 22:17:52,alert,3,Drowsiness Detected
2025-07-27 22:17:52,alert,3,Drowsiness Detected
2025-07-27 22:17:52,alert,3,Drowsiness Detected
2025-07-27 22:17:53,alert,3,Drowsiness Detected
2025-07-27 22:17:53,alert,3,Drowsiness Detected
2025-07-27 22:17:53,alert,3,Drowsiness Detected
2025-07-27 22:17:53,alert,3,Drowsiness Detected
2025-07-27 22:17:53,alert,3,Drowsiness Detected
2025-07-27 22:17:53,alert,3,Drowsiness Detected
2025-07-27 22:17:53,alert,3,Drowsiness Detected
2025-07-27 22:17:53,alert,3,Drowsiness Detected
2025-07-27 22:17:54,alert,3,Drowsiness Detected
2025-07-27 22:17:54,alert,3,Drowsiness Detected
2025-07-27 22:17:54,alert,3,Drowsiness Detected
2025-07-27 22:17:54,alert,3,Drowsiness Detected
2025-07-27 22:17:54,alert,3,Drowsiness Detected
2025-07-27 22:17:54,alert,3,Drowsiness Detected
2025-07-27 22:17:54,alert,3,Drowsiness Detected
2025-07-27 22:17:55,alert,3,Drowsiness Detected
2025-07-27 22:17:55,alert,3,Drowsiness Detected
2025-07-27 22:17:55,alert,3,Drowsiness Detected
2025-07-27 22:17:55,alert,3,Drowsiness Detected
2025-07-27 22:17:55,alert,3,Drowsiness Detected
2025-07-27 22:17:55,alert,3,Drowsiness Detected
2025-07-27 22:17:55,alert,3,Drowsiness Detected
2025-07-27 22:17:55,alert,3,Drowsiness Detected
2025-07-27 22:17:56,alert,3,Drowsiness Detected
2025-07-27 22:17:56,alert,3,Drowsiness Detected
2025-07-27 22:17:56,alert,3,Drowsiness Detected
2025-07-27 22:17:56,alert,3,Drowsiness Detected
2025-07-27 22:17:56,alert,3,Drowsiness Detected
2025-07-27 22:17:56,alert,3,Drowsiness Detected
2025-07-27 22:17:56,alert,3,Drowsiness Detected
2025-07-27 22:17:56,alert,3,Drowsiness Detected
2025-07-27 22:17:57,alert,3,Drowsiness Detected
2025-07-27 22:17:57,alert,3,Drowsiness Detected
2025-07-27 22:17:57,alert,3,Drowsiness Detected
2025-07-27 22:17:57,alert,3,Drowsiness Detected
2025-07-27 22:17:57,alert,3,Drowsiness Detected
2025-07-27 22:17:57,alert,3,Drowsiness Detected
2025-07-27 22:17:57,alert,3,Drowsiness Detected
2025-07-27 22:17:57,alert,3,Drowsiness Detected
2025-07-27 22:17:58,alert,3,Drowsiness Detected
2025-07-27 22:17:58,alert,3,Drowsiness Detected
2025-07-27 22:17:58,alert,3,Drowsiness Detected
2025-07-27 22:17:58,alert,3,Drowsiness Detected
2025-07-27 22:17:58,alert,3,Drowsiness Detected
2025-07-27 22:17:58,alert,3,Drowsiness Detected
2025-07-27 22:17:58,alert,3,Drowsiness Detected
2025-07-27 22:17:59,alert,3,Drowsiness Detected
2025-07-27 22:17:59,alert,3,Drowsiness Detected
2025-07-27 22:17:59,alert,3,Drowsiness Detected
2025-07-27 22:17:59,alert,3,Drowsiness Detected
2025-07-27 22:17:59,alert,3,Drowsiness Detected
2025-07-27 22:17:59,alert,3,Drowsiness Detected
2025-07-27 22:17:59,alert,3,Drowsiness Detected
2025-07-27 22:18:00,alert,3,Drowsiness Detected
2025-07-27 22:18:00,alert,3,Drowsiness Detected
2025-07-27 22:18:00,alert,3,Drowsiness Detected
2025-07-27 22:18:00,alert,3,Drowsiness Detected
2025-07-27 22:18:00,alert,3,Drowsiness Detected
2025-07-27 22:18:00,alert,3,Drowsiness Detected
2025-07-27 22:18:00,alert,3,Drowsiness Detected
2025-07-27 22:18:01,alert,3,Drowsiness Detected
2025-07-27 22:18:01,alert,3,Drowsiness Detected
2025-07-27 22:18:01,alert,3,Drowsiness Detected
2025-07-27 22:18:01,alert,3,Drowsiness Detected
2025-07-27 22:18:01,alert,3,Drowsiness Detected
2025-07-27 22:18:01,alert,3,Drowsiness Detected
2025-07-27 22:18:01,alert,3,Drowsiness Detected
2025-07-27 22:18:01,alert,3,Drowsiness Detected
2025-07-27 22:18:02,alert,3,Drowsiness Detected
2025-07-27 22:18:02,alert,3,Drowsiness Detected
2025-07-27 22:18:02,alert,3,Drowsiness Detected
2025-07-27 22:18:02,alert,3,Drowsiness Detected
2025-07-27 22:18:02,alert,3,Drowsiness Detected
2025-07-27 22:18:02,alert,3,Drowsiness Detected
2025-07-27 22:18:02,alert,3,Drowsiness Detected
2025-07-27 22:18:03,alert,3,Drowsiness Detected
2025-07-27 22:18:03,alert,3,Drowsiness Detected
2025-07-27 22:18:03,alert,3,Drowsiness Detected
2025-07-27 22:18:03,alert,3,Drowsiness Detected
2025-07-27 22:18:03,alert,3,Drowsiness Detected
2025-07-27 22:18:03,alert,3,Drowsiness Detected
2025-07-27 22:18:03,alert,3,Drowsiness Detected
2025-07-27 22:18:04,alert,3,Drowsiness Detected
2025-07-27 22:18:04,alert,3,Drowsiness Detected
2025-07-27 22:18:04,alert,3,Drowsiness Detected
2025-07-27 22:18:04,alert,3,Drowsiness Detected
2025-07-27 22:18:04,alert,3,Drowsiness Detected
2025-07-27 22:18:04,alert,3,Drowsiness Detected
2025-07-27 22:18:04,alert,3,Drowsiness Detected
2025-07-27 22:18:05,alert,3,Drowsiness Detected
2025-07-27 22:18:05,alert,3,Drowsiness Detected
2025-07-27 22:18:05,alert,3,Drowsiness Detected
2025-07-27 22:18:05,alert,3,Drowsiness Detected
2025-07-27 22:18:05,alert,3,Drowsiness Detected
2025-07-27 22:18:05,alert,3,Drowsiness Detected
2025-07-27 22:18:05,alert,3,Drowsiness Detected
2025-07-27 22:18:05,alert,3,Drowsiness Detected
2025-07-27 22:18:06,alert,3,Drowsiness Detected
2025-07-27 22:18:06,alert,3,Drowsiness Detected
2025-07-27 22:18:06,alert,3,Drowsiness Detected
2025-07-27 22:18:06,alert,3,Drowsiness Detected
2025-07-27 22:18:06,alert,3,Drowsiness Detected
2025-07-27 22:18:06,alert,3,Drowsiness Detected
2025-07-27 22:18:06,alert,3,Drowsiness Detected
2025-07-27 22:18:07,alert,3,Drowsiness Detected
2025-07-27 22:18:07,alert,3,Drowsiness Detected
2025-07-27 22:18:07,alert,3,Drowsiness Detected
2025-07-27 22:18:07,alert,3,Drowsiness Detected
2025-07-27 22:18:07,alert,3,Drowsiness Detected
2025-07-27 22:18:07,alert,3,Drowsiness Detected
2025-07-27 22:18:07,alert,3,Drowsiness Detected
2025-07-27 22:18:08,alert,3,Drowsiness Detected
2025-07-27 22:18:08,alert,3,Drowsiness Detected
2025-07-27 22:18:08,alert,3,Drowsiness Detected
2025-07-27 22:18:08,alert,3,Drowsiness Detected
2025-07-27 22:18:08,alert,3,Drowsiness Detected
2025-07-27 22:18:08,alert,3,Drowsiness Detected
2025-07-27 22:18:08,alert,3,Drowsiness Detected
2025-07-27 22:18:08,alert,3,Drowsiness Detected
2025-07-27 22:18:09,alert,3,Drowsiness Detected
2025-07-27 22:18:09,alert,3,Drowsiness Detected
2025-07-27 22:18:09,alert,3,Drowsiness Detected
2025-07-27 22:18:09,alert,3,Drowsiness Detected
2025-07-27 22:18:09,alert,3,Drowsiness Detected
2025-07-27 22:18:09,alert,3,Drowsiness Detected
2025-07-27 22:18:09,alert,3,Drowsiness Detected
2025-07-27 22:18:10,alert,3,Drowsiness Detected
2025-07-27 22:18:10,alert,3,Drowsiness Detected
2025-07-27 22:18:10,alert,3,Drowsiness Detected
2025-07-27 22:18:10,alert,3,Drowsiness Detected
2025-07-27 22:18:10,alert,3,Drowsiness Detected
2025-07-27 22:18:10,alert,3,Drowsiness Detected
2025-07-27 22:18:11,alert,3,Drowsiness Detected
2025-07-27 22:18:11,alert,3,Drowsiness Detected
2025-07-27 22:18:11,alert,3,Drowsiness Detected
2025-07-27 22:18:11,alert,3,Drowsiness Detected
2025-07-27 22:18:11,alert,3,Drowsiness Detected
2025-07-27 22:18:11,alert,3,Drowsiness Detected
2025-07-27 22:18:12,alert,3,Drowsiness Detected
2025-07-27 22:18:12,alert,3,Drowsiness Detected
2025-07-27 22:18:12,alert,3,Drowsiness Detected
2025-07-27 22:18:12,alert,3,Drowsiness Detected
2025-07-27 22:18:12,alert,3,Drowsiness Detected
2025-07-27 22:18:12,alert,3,Drowsiness Detected
2025-07-27 22:18:12,alert,3,Drowsiness Detected
2025-07-27 22:18:13,alert,3,Drowsiness Detected
2025-07-27 22:18:13,alert,3,Drowsiness Detected
2025-07-27 22:18:13,alert,3,Drowsiness Detected
2025-07-27 22:18:13,alert,3,Drowsiness Detected
2025-07-27 22:18:13,alert,3,Drowsiness Detected
2025-07-27 22:18:13,alert,3,Drowsiness Detected
2025-07-27 22:18:13,alert,3,Drowsiness Detected
2025-07-27 22:18:14,alert,3,Drowsiness Detected
2025-07-27 22:18:14,alert,3,Drowsiness Detected
2025-07-27 22:18:14,alert,3,Drowsiness Detected
2025-07-27 22:18:14,alert,3,Drowsiness Detected
2025-07-27 22:18:14,alert,3,Drowsiness Detected
2025-07-27 22:18:14,alert,3,Drowsiness Detected
2025-07-27 22:18:15,alert,3,Drowsiness Detected
2025-07-27 22:18:15,alert,3,Drowsiness Detected
2025-07-27 22:18:15,alert,3,Drowsiness Detected
2025-07-27 22:18:15,alert,3,Drowsiness Detected
2025-07-27 22:18:15,alert,3,Drowsiness Detected
2025-07-27 22:18:15,alert,3,Drowsiness Detected
2025-07-27 22:18:16,alert,3,Drowsiness Detected
2025-07-27 22:18:16,alert,3,Drowsiness Detected
2025-07-27 22:18:16,alert,3,Drowsiness Detected
2025-07-27 22:18:32,warning,1,Warning
2025-07-27 22:18:32,warning,2,Warning
2025-07-27 22:18:32,warning,3,Warning
2025-07-27 22:18:32,alert,3,Drowsiness Detected
2025-07-27 22:18:33,alert,3,Drowsiness Detected
2025-07-27 22:18:49,warning,1,Warning
2025-07-27 22:18:50,warning,2,Warning
2025-07-27 22:18:50,warning,3,Warning
2025-07-27 22:18:53,warning,1,Warning
2025-07-27 22:18:57,warning,1,Warning
2025-07-27 22:18:57,warning,2,Warning
2025-07-27 22:18:58,warning,3,Warning
2025-07-27 22:18:58,alert,3,Drowsiness Detected
2025-07-27 22:18:58,alert,3,Drowsiness Detected
2025-07-27 22:18:58,alert,3,Drowsiness Detected
2025-07-27 22:18:58,alert,3,Drowsiness Detected
2025-07-27 22:18:58,alert,3,Drowsiness Detected
2025-07-27 22:18:58,alert,3,Drowsiness Detected
2025-07-27 22:18:58,alert,3,Drowsiness Detected
2025-07-27 22:18:58,alert,3,Drowsiness Detected
2025-07-27 22:18:59,alert,3,Drowsiness Detected
2025-07-27 22:18:59,alert,3,Drowsiness Detected
2025-07-27 22:18:59,alert,3,Drowsiness Detected
2025-07-27 22:18:59,alert,3,Drowsiness Detected
2025-07-27 22:18:59,alert,3,Drowsiness Detected
2025-07-27 22:18:59,alert,3,Drowsiness Detected
2025-07-27 22:18:59,alert,3,Drowsiness Detected
2025-07-27 22:18:59,alert,3,Drowsiness Detected
2025-07-27 22:19:00,alert,3,Drowsiness Detected
2025-07-27 22:19:00,alert,3,Drowsiness Detected
2025-07-27 22:19:00,alert,3,Drowsiness Detected
2025-07-27 22:19:00,alert,3,Drowsiness Detected
2025-07-27 22:19:00,alert,3,Drowsiness Detected
2025-07-27 22:19:00,alert,3,Drowsiness Detected
2025-07-27 22:19:00,alert,3,Drowsiness Detected
2025-07-27 22:19:00,alert,3,Drowsiness Detected
2025-07-27 22:19:01,alert,3,Drowsiness Detected
2025-07-27 22:19:01,alert,3,Drowsiness Detected
2025-07-27 22:19:01,alert,3,Drowsiness Detected
2025-07-27 22:19:01,alert,3,Drowsiness Detected
2025-07-27 22:19:01,alert,3,Drowsiness Detected
2025-07-27 22:19:01,alert,3,Drowsiness Detected
2025-07-27 22:19:01,alert,3,Drowsiness Detected
2025-07-27 22:19:01,alert,3,Drowsiness Detected
2025-07-27 22:19:02,alert,3,Drowsiness Detected
2025-07-27 22:19:02,alert,3,Drowsiness Detected
2025-07-27 22:19:02,alert,3,Drowsiness Detected
2025-07-27 22:19:02,alert,3,Drowsiness Detected
2025-07-27 22:19:02,alert,3,Drowsiness Detected
2025-07-27 22:19:02,alert,3,Drowsiness Detected
2025-07-27 22:19:02,alert,3,Drowsiness Detected
2025-07-27 22:19:02,alert,3,Drowsiness Detected
2025-07-27 22:19:02,alert,3,Drowsiness Detected
2025-07-27 22:19:03,alert,3,Drowsiness Detected
2025-07-27 22:19:03,alert,3,Drowsiness Detected
2025-07-27 22:19:03,alert,3,Drowsiness Detected
2025-07-27 22:19:03,alert,3,Drowsiness Detected
2025-07-27 22:19:03,alert,3,Drowsiness Detected
2025-07-27 22:19:03,alert,3,Drowsiness Detected
2025-07-27 22:19:03,alert,3,Drowsiness Detected
2025-07-27 22:19:04,alert,3,Drowsiness Detected
2025-07-27 22:19:04,alert,3,Drowsiness Detected
2025-07-27 22:19:04,alert,3,Drowsiness Detected
2025-07-27 22:19:04,alert,3,Drowsiness Detected
2025-07-27 22:19:04,alert,3,Drowsiness Detected
2025-07-27 22:19:04,alert,3,Drowsiness Detected
2025-07-27 22:19:04,alert,3,Drowsiness Detected
2025-07-27 22:19:04,alert,3,Drowsiness Detected
2025-07-27 22:19:05,alert,3,Drowsiness Detected
2025-07-27 22:19:05,alert,3,Drowsiness Detected
2025-07-27 22:19:05,alert,3,Drowsiness Detected
2025-07-27 22:19:05,alert,3,Drowsiness Detected
2025-07-27 22:19:05,alert,3,Drowsiness Detected
2025-07-27 22:19:05,alert,3,Drowsiness Detected
2025-07-27 22:19:05,alert,3,Drowsiness Detected
2025-07-27 22:19:05,alert,3,Drowsiness Detected
2025-07-27 22:19:05,alert,3,Drowsiness Detected
2025-07-27 22:19:06,alert,3,Drowsiness Detected
2025-07-27 22:19:06,alert,3,Drowsiness Detected
2025-07-27 22:19:06,alert,3,Drowsiness Detected
2025-07-27 22:19:06,alert,3,Drowsiness Detected
2025-07-27 22:19:06,alert,3,Drowsiness Detected
2025-07-27 22:19:06,alert,3,Drowsiness Detected
2025-07-27 22:19:06,alert,3,Drowsiness Detected
2025-07-27 22:19:07,alert,3,Drowsiness Detected
2025-07-27 22:19:07,alert,3,Drowsiness Detected
2025-07-27 22:19:07,alert,3,Drowsiness Detected
2025-07-27 22:19:07,alert,3,Drowsiness Detected
2025-07-27 22:19:07,alert,3,Drowsiness Detected
2025-07-27 22:19:07,alert,3,Drowsiness Detected
2025-07-27 22:19:07,alert,3,Drowsiness Detected
2025-07-27 22:19:08,alert,3,Drowsiness Detected
2025-07-27 22:19:08,alert,3,Drowsiness Detected
2025-07-27 22:19:08,alert,3,Drowsiness Detected
2025-07-27 22:19:08,alert,3,Drowsiness Detected
2025-07-27 22:19:08,alert,3,Drowsiness Detected
2025-07-27 22:19:08,alert,3,Drowsiness Detected
2025-07-27 22:19:08,alert,3,Drowsiness Detected
2025-07-27 22:19:08,alert,3,Drowsiness Detected
2025-07-27 22:19:08,alert,3,Drowsiness Detected
2025-07-27 22:19:09,alert,3,Drowsiness Detected
2025-07-27 22:19:09,alert,3,Drowsiness Detected
2025-07-27 22:19:09,alert,3,Drowsiness Detected
2025-07-27 22:19:09,alert,3,Drowsiness Detected
2025-07-27 22:19:09,alert,3,Drowsiness Detected
2025-07-27 22:19:09,alert,3,Drowsiness Detected
2025-07-27 22:19:09,alert,3,Drowsiness Detected
2025-07-27 22:19:09,alert,3,Drowsiness Detected
2025-07-27 22:19:10,alert,3,Drowsiness Detected
2025-07-27 22:19:10,alert,3,Drowsiness Detected
2025-07-27 22:19:10,alert,3,Drowsiness Detected
2025-07-27 22:19:10,alert,3,Drowsiness Detected
2025-07-27 22:19:10,alert,3,Drowsiness Detected
2025-07-27 22:19:10,alert,3,Drowsiness Detected
2025-07-27 22:19:10,alert,3,Drowsiness Detected
2025-07-27 22:19:10,alert,3,Drowsiness Detected
2025-07-27 22:19:11,alert,3,Drowsiness Detected
2025-07-27 22:19:11,alert,3,Drowsiness Detected
2025-07-27 22:19:11,alert,3,Drowsiness Detected
2025-07-27 22:19:11,alert,3,Drowsiness Detected
2025-07-27 22:19:11,alert,3,Drowsiness Detected
2025-07-27 22:19:11,alert,3,Drowsiness Detected
2025-07-27 22:19:11,alert,3,Drowsiness Detected
2025-07-27 22:19:11,alert,3,Drowsiness Detected
2025-07-27 22:19:11,alert,3,Drowsiness Detected
2025-07-27 22:19:12,alert,3,Drowsiness Detected
2025-07-27 22:19:12,alert,3,Drowsiness Detected
2025-07-27 22:19:12,alert,3,Drowsiness Detected
2025-07-27 22:19:12,alert,3,Drowsiness Detected
2025-07-27 22:19:12,alert,3,Drowsiness Detected
2025-07-27 22:19:12,alert,3,Drowsiness Detected
2025-07-27 22:19:12,alert,3,Drowsiness Detected
2025-07-27 22:19:12,alert,3,Drowsiness Detected
2025-07-27 22:19:13,alert,3,Drowsiness Detected
2025-07-27 22:19:13,alert,3,Drowsiness Detected
2025-07-27 22:19:13,alert,3,Drowsiness Detected
2025-07-27 22:19:13,alert,3,Drowsiness Detected
2025-07-27 22:19:13,alert,3,Drowsiness Detected
2025-07-27 22:19:13,alert,3,Drowsiness Detected
2025-07-27 22:19:13,alert,3,Drowsiness Detected
2025-07-27 22:19:13,alert,3,Drowsiness Detected
2025-07-27 22:19:14,alert,3,Drowsiness Detected
2025-07-27 22:19:14,alert,3,Drowsiness Detected
2025-07-27 22:19:14,alert,3,Drowsiness Detected
2025-07-27 22:19:14,alert,3,Drowsiness Detected
2025-07-27 22:19:14,alert,3,Drowsiness Detected
2025-07-27 22:19:14,alert,3,Drowsiness Detected
2025-07-27 22:19:14,alert,3,Drowsiness Detected
2025-07-27 22:19:14,alert,3,Drowsiness Detected
2025-07-27 22:19:15,alert,3,Drowsiness Detected
2025-07-27 22:19:15,alert,3,Drowsiness Detected
2025-07-27 22:19:15,alert,3,Drowsiness Detected
2025-07-27 22:19:15,alert,3,Drowsiness Detected
2025-07-27 22:19:15,alert,3,Drowsiness Detected
2025-07-27 22:19:15,alert,3,Drowsiness Detected
2025-07-27 22:19:16,alert,3,Drowsiness Detected
2025-07-27 22:19:16,alert,3,Drowsiness Detected
2025-07-27 22:19:16,alert,3,Drowsiness Detected
2025-07-27 22:19:16,alert,3,Drowsiness Detected
2025-07-27 22:19:16,alert,3,Drowsiness Detected
2025-07-27 22:19:16,alert,3,Drowsiness Detected
2025-07-27 22:19:16,alert,3,Drowsiness Detected
2025-07-27 22:19:16,alert,3,Drowsiness Detected
2025-07-27 22:19:17,alert,3,Drowsiness Detected
2025-07-27 22:19:17,alert,3,Drowsiness Detected
2025-07-27 22:19:17,alert,3,Drowsiness Detected
2025-07-27 22:19:17,alert,3,Drowsiness Detected
2025-07-27 22:19:17,alert,3,Drowsiness Detected
2025-07-27 22:19:17,alert,3,Drowsiness Detected
2025-07-27 22:19:17,alert,3,Drowsiness Detected
2025-07-27 22:19:17,alert,3,Drowsiness Detected
2025-07-27 22:19:18,alert,3,Drowsiness Detected
2025-07-27 22:19:18,alert,3,Drowsiness Detected
2025-07-27 22:19:18,alert,3,Drowsiness Detected
2025-07-27 22:19:18,alert,3,Drowsiness Detected
2025-07-27 22:19:18,alert,3,Drowsiness Detected
2025-07-27 22:19:18,alert,3,Drowsiness Detected
2025-07-27 22:19:19,alert,3,Drowsiness Detected
2025-07-27 22:19:19,alert,3,Drowsiness Detected
2025-07-27 22:19:19,alert,3,Drowsiness Detected
2025-07-27 22:19:19,alert,3,Drowsiness Detected
2025-07-27 22:19:19,alert,3,Drowsiness Detected
2025-07-27 22:19:19,alert,3,Drowsiness Detected
2025-07-27 22:19:19,alert,3,Drowsiness Detected
2025-07-27 22:19:19,alert,3,Drowsiness Detected
2025-07-27 22:19:20,alert,3,Drowsiness Detected
2025-07-27 22:19:20,alert,3,Drowsiness Detected
2025-07-27 22:19:20,alert,3,Drowsiness Detected
2025-07-27 22:19:20,alert,3,Drowsiness Detected
2025-07-27 22:19:20,alert,3,Drowsiness Detected
2025-07-27 22:19:20,alert,3,Drowsiness Detected
2025-07-27 22:19:20,alert,3,Drowsiness Detected
2025-07-27 22:19:21,alert,3,Drowsiness Detected
2025-07-27 22:19:21,alert,3,Drowsiness Detected
2025-07-27 22:19:21,alert,3,Drowsiness Detected
2025-07-27 22:19:21,alert,3,Drowsiness Detected
2025-07-27 22:19:21,alert,3,Drowsiness Detected
2025-07-27 22:19:21,alert,3,Drowsiness Detected
2025-07-27 22:19:21,alert,3,Drowsiness Detected
2025-07-27 22:19:22,alert,3,Drowsiness Detected
2025-07-27 22:19:22,alert,3,Drowsiness Detected
2025-07-27 22:19:22,alert,3,Drowsiness Detected
2025-07-27 22:19:22,alert,3,Drowsiness Detected
2025-07-27 22:19:22,alert,3,Drowsiness Detected
2025-07-27 22:19:22,alert,3,Drowsiness Detected
2025-07-27 22:19:22,alert,3,Drowsiness Detected
2025-07-27 22:19:22,alert,3,Drowsiness Detected
2025-07-27 22:19:23,alert,3,Drowsiness Detected
2025-07-27 22:19:23,alert,3,Drowsiness Detected
2025-07-27 22:19:23,alert,3,Drowsiness Detected
2025-07-27 22:19:23,alert,3,Drowsiness Detected
2025-07-27 22:19:23,alert,3,Drowsiness Detected
2025-07-27 22:19:23,alert,3,Drowsiness Detected
2025-07-27 22:19:23,alert,3,Drowsiness Detected
2025-07-27 22:19:23,alert,3,Drowsiness Detected
2025-07-27 22:19:24,alert,3,Drowsiness Detected
2025-07-27 22:19:24,alert,3,Drowsiness Detected
2025-07-27 22:19:24,alert,3,Drowsiness Detected
2025-07-27 22:19:24,alert,3,Drowsiness Detected
2025-07-27 22:19:24,alert,3,Drowsiness Detected
2025-07-27 22:19:24,alert,3,Drowsiness Detected
2025-07-27 22:19:25,alert,3,Drowsiness Detected
2025-07-27 22:19:25,alert,3,Drowsiness Detected
2025-07-27 22:19:25,alert,3,Drowsiness Detected
2025-07-27 22:19:25,alert,3,Drowsiness Detected
2025-07-27 22:19:25,alert,3,Drowsiness Detected
2025-07-27 22:19:25,alert,3,Drowsiness Detected
2025-07-27 22:19:25,alert,3,Drowsiness Detected
2025-07-27 22:19:25,alert,3,Drowsiness Detected
2025-07-27 22:19:26,alert,3,Drowsiness Detected
2025-07-27 22:19:26,alert,3,Drowsiness Detected
2025-07-27 22:19:26,alert,3,Drowsiness Detected
2025-07-27 22:19:26,alert,3,Drowsiness Detected
2025-07-27 22:19:26,alert,3,Drowsiness Detected
2025-07-27 22:19:26,alert,3,Drowsiness Detected
2025-07-27 22:19:26,alert,3,Drowsiness Detected
2025-07-27 22:19:27,alert,3,Drowsiness Detected
2025-07-27 22:19:27,alert,3,Drowsiness Detected
2025-07-27 22:19:27,alert,3,Drowsiness Detected
2025-07-27 22:19:27,alert,3,Drowsiness Detected
2025-07-27 22:19:27,alert,3,Drowsiness Detected
2025-07-27 22:19:27,alert,3,Drowsiness Detected
2025-07-27 22:19:28,alert,3,Drowsiness Detected
2025-07-27 22:19:28,alert,3,Drowsiness Detected
2025-07-27 22:19:28,alert,3,Drowsiness Detected
2025-07-27 22:19:28,alert,3,Drowsiness Detected
2025-07-27 22:19:28,alert,3,Drowsiness Detected
2025-07-27 22:19:29,alert,3,Drowsiness Detected
2025-07-27 22:19:29,alert,3,Drowsiness Detected
2025-07-27 22:19:29,alert,3,Drowsiness Detected
2025-07-27 22:19:29,alert,3,Drowsiness Detected
2025-07-27 22:19:29,alert,3,Drowsiness Detected
2025-07-27 22:19:30,alert,3,Drowsiness Detected
2025-07-27 22:19:30,alert,3,Drowsiness Detected
2025-07-27 22:19:30,alert,3,Drowsiness Detected
2025-07-27 22:19:30,alert,3,Drowsiness Detected
2025-07-27 22:19:31,alert,3,Drowsiness Detected
2025-07-27 22:19:31,alert,3,Drowsiness Detected
2025-07-27 22:19:31,alert,3,Drowsiness Detected
2025-07-27 22:19:31,alert,3,Drowsiness Detected
2025-07-27 22:19:31,alert,3,Drowsiness Detected
2025-07-27 22:19:32,alert,3,Drowsiness Detected
2025-07-27 22:19:32,alert,3,Drowsiness Detected
2025-07-27 22:19:32,alert,3,Drowsiness Detected
2025-07-27 22:19:32,alert,3,Drowsiness Detected
2025-07-27 22:19:32,alert,3,Drowsiness Detected
2025-07-27 22:19:32,alert,3,Drowsiness Detected
2025-07-27 22:19:33,alert,3,Drowsiness Detected
2025-07-27 22:19:33,alert,3,Drowsiness Detected
2025-07-27 22:19:33,alert,3,Drowsiness Detected
2025-07-27 22:19:33,alert,3,Drowsiness Detected
2025-07-27 22:19:33,alert,3,Drowsiness Detected
2025-07-27 22:19:33,alert,3,Drowsiness Detected
2025-07-27 22:19:33,alert,3,Drowsiness Detected
2025-07-27 22:19:33,alert,3,Drowsiness Detected
2025-07-27 22:19:34,alert,3,Drowsiness Detected
2025-07-27 22:19:34,alert,3,Drowsiness Detected
2025-07-27 22:19:34,alert,3,Drowsiness Detected
2025-07-27 22:19:34,alert,3,Drowsiness Detected
2025-07-27 22:19:34,alert,3,Drowsiness Detected
2025-07-27 22:19:34,alert,3,Drowsiness Detected
2025-07-27 22:19:34,alert,3,Drowsiness Detected
2025-07-27 22:19:35,alert,3,Drowsiness Detected
2025-07-27 22:19:35,alert,3,Drowsiness Detected
2025-07-27 22:19:35,alert,3,Drowsiness Detected
2025-07-27 22:19:35,alert,3,Drowsiness Detected
2025-07-27 22:19:35,alert,3,Drowsiness Detected
2025-07-27 22:19:36,alert,3,Drowsiness Detected
2025-07-27 22:19:36,alert,3,Drowsiness Detected
2025-07-27 22:19:36,alert,3,Drowsiness Detected
2025-07-27 22:19:37,alert,3,Drowsiness Detected
2025-07-27 22:19:37,alert,3,Drowsiness Detected
2025-07-27 22:19:37,alert,3,Drowsiness Detected
2025-07-27 22:19:37,alert,3,Drowsiness Detected
2025-07-27 22:19:37,alert,3,Drowsiness Detected
2025-07-27 22:19:37,alert,3,Drowsiness Detected
2025-07-27 22:19:38,alert,3,Drowsiness Detected
2025-07-27 22:19:38,alert,3,Drowsiness Detected
2025-07-27 22:19:38,alert,3,Drowsiness Detected
2025-07-27 22:19:38,alert,3,Drowsiness Detected
2025-07-27 22:19:38,alert,3,Drowsiness Detected
2025-07-27 22:19:38,alert,3,Drowsiness Detected
2025-07-27 22:19:39,alert,3,Drowsiness Detected
2025-07-27 22:19:39,alert,3,Drowsiness Detected
2025-07-27 22:19:39,alert,3,Drowsiness Detected
2025-07-27 22:19:39,alert,3,Drowsiness Detected
2025-07-27 22:19:39,alert,3,Drowsiness Detected
2025-07-27 22:19:39,alert,3,Drowsiness Detected
2025-07-27 22:19:39,alert,3,Drowsiness Detected
2025-07-27 22:19:40,alert,3,Drowsiness Detected
2025-07-27 22:19:40,alert,3,Drowsiness Detected
2025-07-27 22:19:40,alert,3,Drowsiness Detected
2025-07-27 22:19:40,alert,3,Drowsiness Detected
2025-07-27 22:19:40,alert,3,Drowsiness Detected
2025-07-27 22:19:40,alert,3,Drowsiness Detected
2025-07-27 22:19:40,alert,3,Drowsiness Detected
2025-07-27 22:19:40,alert,3,Drowsiness Detected
2025-07-27 22:19:40,alert,3,Drowsiness Detected
2025-07-27 22:19:41,alert,3,Drowsiness Detected
2025-07-27 22:19:41,alert,3,Drowsiness Detected
2025-07-27 22:19:41,alert,3,Drowsiness Detected
2025-07-27 22:19:41,alert,3,Drowsiness Detected
2025-07-27 22:19:41,alert,3,Drowsiness Detected
2025-07-27 22:19:41,alert,3,Drowsiness Detected
2025-07-27 22:19:41,alert,3,Drowsiness Detected
2025-07-27 22:19:41,alert,3,Drowsiness Detected
2025-07-27 22:19:42,alert,3,Drowsiness Detected
2025-07-27 22:19:42,alert,3,Drowsiness Detected
2025-07-27 22:19:42,alert,3,Drowsiness Detected
2025-07-27 22:19:42,alert,3,Drowsiness Detected
2025-07-27 22:19:42,alert,3,Drowsiness Detected
2025-07-27 22:19:42,alert,3,Drowsiness Detected
2025-07-27 22:19:43,alert,3,Drowsiness Detected
2025-07-27 22:19:43,alert,3,Drowsiness Detected
2025-07-27 22:19:43,alert,3,Drowsiness Detected
2025-07-27 22:19:43,alert,3,Drowsiness Detected
2025-07-27 22:19:43,alert,3,Drowsiness Detected
2025-07-27 22:19:43,alert,3,Drowsiness Detected
2025-07-27 22:19:43,alert,3,Drowsiness Detected
2025-07-27 22:19:44,alert,3,Drowsiness Detected
2025-07-27 22:19:44,alert,3,Drowsiness Detected
2025-07-27 22:19:44,alert,3,Drowsiness Detected
2025-07-27 22:19:44,alert,3,Drowsiness Detected
2025-07-27 22:19:44,alert,3,Drowsiness Detected
2025-07-27 22:19:44,alert,3,Drowsiness Detected
2025-07-27 22:19:44,alert,3,Drowsiness Detected
2025-07-27 22:19:44,alert,3,Drowsiness Detected
2025-07-27 22:19:45,alert,3,Drowsiness Detected
2025-07-27 22:19:45,alert,3,Drowsiness Detected
2025-07-27 22:19:45,alert,3,Drowsiness Detected
2025-07-27 22:19:45,alert,3,Drowsiness Detected
2025-07-27 22:19:45,alert,3,Drowsiness Detected
2025-07-27 22:19:45,alert,3,Drowsiness Detected
2025-07-27 22:19:45,alert,3,Drowsiness Detected
2025-07-27 22:19:45,alert,3,Drowsiness Detected
2025-07-27 22:19:46,alert,3,Drowsiness Detected
2025-07-27 22:19:46,alert,3,Drowsiness Detected
2025-07-27 22:19:46,alert,3,Drowsiness Detected
2025-07-27 22:19:46,alert,3,Drowsiness Detected
2025-07-27 22:19:46,alert,3,Drowsiness Detected
2025-07-27 22:19:46,alert,3,Drowsiness Detected
2025-07-27 22:19:46,alert,3,Drowsiness Detected
2025-07-27 22:19:47,alert,3,Drowsiness Detected
2025-07-27 22:19:47,alert,3,Drowsiness Detected
2025-07-27 22:19:47,alert,3,Drowsiness Detected
2025-07-27 22:19:47,alert,3,Drowsiness Detected
2025-07-27 22:19:47,alert,3,Drowsiness Detected
2025-07-27 22:19:47,alert,3,Drowsiness Detected
2025-07-27 22:19:47,alert,3,Drowsiness Detected
2025-07-27 22:19:48,alert,3,Drowsiness Detected
2025-07-27 22:19:48,alert,3,Drowsiness Detected
2025-07-27 22:19:48,alert,3,Drowsiness Detected
2025-07-27 22:19:48,alert,3,Drowsiness Detected
2025-07-27 22:19:48,alert,3,Drowsiness Detected
2025-07-27 22:19:48,alert,3,Drowsiness Detected
2025-07-27 22:19:48,alert,3,Drowsiness Detected
2025-07-27 22:19:49,alert,3,Drowsiness Detected
2025-07-27 22:19:49,alert,3,Drowsiness Detected
2025-07-27 22:19:49,alert,3,Drowsiness Detected
2025-07-27 22:19:49,alert,3,Drowsiness Detected
2025-07-27 22:19:49,alert,3,Drowsiness Detected
2025-07-27 22:19:49,alert,3,Drowsiness Detected
2025-07-27 22:19:49,alert,3,Drowsiness Detected
2025-07-27 22:19:50,alert,3,Drowsiness Detected
2025-07-27 22:19:50,alert,3,Drowsiness Detected
2025-07-27 22:19:50,alert,3,Drowsiness Detected
2025-07-27 22:19:50,alert,3,Drowsiness Detected
2025-07-27 22:19:50,alert,3,Drowsiness Detected
2025-07-27 22:19:50,alert,3,Drowsiness Detected
2025-07-27 22:19:50,alert,3,Drowsiness Detected
2025-07-27 22:19:50,alert,3,Drowsiness Detected
2025-07-27 22:19:51,alert,3,Drowsiness Detected
2025-07-27 22:19:51,alert,3,Drowsiness Detected
2025-07-27 22:19:51,alert,3,Drowsiness Detected
2025-07-27 22:19:51,alert,3,Drowsiness Detected
2025-07-27 22:19:51,alert,3,Drowsiness Detected
2025-07-27 22:19:51,alert,3,Drowsiness Detected
2025-07-27 22:19:51,alert,3,Drowsiness Detected
2025-07-27 22:19:51,alert,3,Drowsiness Detected
2025-07-27 22:19:52,alert,3,Drowsiness Detected
2025-07-27 22:19:52,alert,3,Drowsiness Detected
2025-07-27 22:19:52,alert,3,Drowsiness Detected
2025-07-27 22:19:52,alert,3,Drowsiness Detected
2025-07-27 22:19:52,alert,3,Drowsiness Detected
2025-07-27 22:19:52,alert,3,Drowsiness Detected
2025-07-27 22:19:52,alert,3,Drowsiness Detected
2025-07-27 22:19:52,alert,3,Drowsiness Detected
2025-07-27 22:19:52,alert,3,Drowsiness Detected
2025-07-27 22:19:53,alert,3,Drowsiness Detected
2025-07-27 22:19:53,alert,3,Drowsiness Detected
2025-07-27 22:19:53,alert,3,Drowsiness Detected
2025-07-27 22:19:53,alert,3,Drowsiness Detected
2025-07-27 22:19:53,alert,3,Drowsiness Detected
2025-07-27 22:19:53,alert,3,Drowsiness Detected
2025-07-27 22:19:53,alert,3,Drowsiness Detected
2025-07-27 22:19:53,alert,3,Drowsiness Detected
2025-07-27 22:19:53,alert,3,Drowsiness Detected
2025-07-27 22:19:53,alert,3,Drowsiness Detected
2025-07-27 22:19:54,alert,3,Drowsiness Detected
2025-07-27 22:19:54,alert,3,Drowsiness Detected
2025-07-27 22:19:54,alert,3,Drowsiness Detected
2025-07-27 22:19:54,alert,3,Drowsiness Detected
2025-07-27 22:19:54,alert,3,Drowsiness Detected
2025-07-27 22:19:54,alert,3,Drowsiness Detected
2025-07-27 22:19:54,alert,3,Drowsiness Detected
2025-07-27 22:19:54,alert,3,Drowsiness Detected
2025-07-27 22:19:54,alert,3,Drowsiness Detected
2025-07-27 22:19:54,alert,3,Drowsiness Detected
2025-07-27 22:19:55,alert,3,Drowsiness Detected
2025-07-27 22:19:55,alert,3,Drowsiness Detected
2025-07-27 22:19:55,alert,3,Drowsiness Detected
2025-07-27 22:19:55,alert,3,Drowsiness Detected
2025-07-27 22:19:55,alert,3,Drowsiness Detected
2025-07-27 22:19:55,alert,3,Drowsiness Detected
2025-07-27 22:19:55,alert,3,Drowsiness Detected
2025-07-27 22:19:55,alert,3,Drowsiness Detected
2025-07-27 22:19:56,alert,3,Drowsiness Detected
2025-07-27 22:19:56,alert,3,Drowsiness Detected
2025-07-27 22:19:56,alert,3,Drowsiness Detected
2025-07-27 22:19:56,alert,3,Drowsiness Detected
2025-07-27 22:19:56,alert,3,Drowsiness Detected
2025-07-27 22:19:56,alert,3,Drowsiness Detected
2025-07-27 22:19:56,alert,3,Drowsiness Detected
2025-07-27 22:19:56,alert,3,Drowsiness Detected
2025-07-27 22:19:56,alert,3,Drowsiness Detected
2025-07-27 22:19:57,alert,3,Drowsiness Detected
2025-07-27 22:19:57,alert,3,Drowsiness Detected
2025-07-27 22:19:57,alert,3,Drowsiness Detected
2025-07-27 22:19:57,alert,3,Drowsiness Detected
2025-07-27 22:19:57,alert,3,Drowsiness Detected
2025-07-27 22:19:57,alert,3,Drowsiness Detected
2025-07-27 22:19:57,alert,3,Drowsiness Detected
2025-07-27 22:19:57,alert,3,Drowsiness Detected
2025-07-27 22:19:57,alert,3,Drowsiness Detected
2025-07-27 22:19:58,alert,3,Drowsiness Detected
2025-07-27 22:19:58,alert,3,Drowsiness Detected
2025-07-27 22:19:58,alert,3,Drowsiness Detected
2025-07-27 22:19:58,alert,3,Drowsiness Detected
2025-07-27 22:19:58,alert,3,Drowsiness Detected
2025-07-27 22:19:58,alert,3,Drowsiness Detected
2025-07-27 22:19:58,alert,3,Drowsiness Detected
2025-07-27 22:19:58,alert,3,Drowsiness Detected
2025-07-27 22:19:58,alert,3,Drowsiness Detected
2025-07-27 22:19:58,alert,3,Drowsiness Detected
2025-07-27 22:19:59,alert,3,Drowsiness Detected
2025-07-27 22:19:59,alert,3,Drowsiness Detected
2025-07-27 22:19:59,alert,3,Drowsiness Detected
2025-07-27 22:19:59,alert,3,Drowsiness Detected
2025-07-27 22:19:59,alert,3,Drowsiness Detected
2025-07-27 22:19:59,alert,3,Drowsiness Detected
2025-07-27 22:19:59,alert,3,Drowsiness Detected
2025-07-27 22:19:59,alert,3,Drowsiness Detected
2025-07-27 22:19:59,alert,3,Drowsiness Detected
2025-07-27 22:19:59,alert,3,Drowsiness Detected
2025-07-27 22:19:59,alert,3,Drowsiness Detected
2025-07-27 22:20:00,alert,3,Drowsiness Detected
2025-07-27 22:20:03,warning,1,Warning
2025-07-27 22:20:03,warning,2,Warning
2025-07-27 22:20:03,warning,3,Warning
2025-07-27 22:20:03,alert,3,Drowsiness Detected
2025-07-27 22:20:03,alert,3,Drowsiness Detected
2025-07-27 22:20:03,alert,3,Drowsiness Detected
2025-07-27 22:20:04,alert,3,Drowsiness Detected
2025-07-27 22:20:04,alert,3,Drowsiness Detected
2025-07-27 22:20:04,alert,3,Drowsiness Detected
2025-07-27 22:20:04,alert,3,Drowsiness Detected
2025-07-27 22:20:04,alert,3,Drowsiness Detected
2025-07-27 22:20:04,alert,3,Drowsiness Detected
2025-07-27 22:20:04,alert,3,Drowsiness Detected
2025-07-27 22:20:04,alert,3,Drowsiness Detected
2025-07-27 22:20:04,alert,3,Drowsiness Detected
2025-07-27 22:20:04,alert,3,Drowsiness Detected
2025-07-27 22:20:05,alert,3,Drowsiness Detected
2025-07-27 22:20:05,alert,3,Drowsiness Detected
2025-07-27 22:20:05,alert,3,Drowsiness Detected
2025-07-27 22:20:05,alert,3,Drowsiness Detected
2025-07-27 22:20:05,alert,3,Drowsiness Detected
2025-07-27 22:20:05,alert,3,Drowsiness Detected
2025-07-27 22:20:06,alert,3,Drowsiness Detected
2025-07-27 22:20:06,alert,3,Drowsiness Detected
2025-07-27 22:20:06,alert,3,Drowsiness Detected
2025-07-27 22:20:06,alert,3,Drowsiness Detected
2025-07-27 22:20:07,alert,3,Drowsiness Detected
2025-07-27 22:20:07,alert,3,Drowsiness Detected
2025-07-27 22:20:07,alert,3,Drowsiness Detected
2025-07-27 22:20:07,alert,3,Drowsiness Detected
2025-07-27 22:20:07,alert,3,Drowsiness Detected
2025-07-27 22:20:08,alert,3,Drowsiness Detected
2025-07-27 22:20:08,alert,3,Drowsiness Detected
2025-07-27 22:20:08,alert,3,Drowsiness Detected
2025-07-27 22:20:08,alert,3,Drowsiness Detected
2025-07-27 22:20:08,alert,3,Drowsiness Detected
2025-07-27 22:20:09,alert,3,Drowsiness Detected
2025-07-27 22:20:09,alert,3,Drowsiness Detected
2025-07-27 22:20:09,alert,3,Drowsiness Detected
2025-07-27 22:20:09,alert,3,Drowsiness Detected
2025-07-27 22:20:09,alert,3,Drowsiness Detected
2025-07-27 22:20:10,alert,3,Drowsiness Detected
2025-07-27 22:20:10,alert,3,Drowsiness Detected
2025-07-27 22:20:10,alert,3,Drowsiness Detected
2025-07-27 22:20:10,alert,3,Drowsiness Detected
2025-07-27 22:20:10,alert,3,Drowsiness Detected
2025-07-27 22:20:11,alert,3,Drowsiness Detected
2025-07-27 22:20:11,alert,3,Drowsiness Detected
2025-07-27 22:20:11,alert,3,Drowsiness Detected
